,title,description,exploitability,risk_level,cve_id,platform,consequences,privilege,access_vector,access_complexity,confidentiality_impact,integrity_impact,availability_impact
0,Identity Python PySAML2 security bypass,"Identity Python PySAML2 could allow a remote attacker to bypass security restrictions, caused by not validating the SAML document against an XML schema. By persuading a victim to open a specially-crafted XML document, an attacker could exploit this vulnerability to process invalid SAML XML documents.",Unproven,6.5,CVE-2021-21238,Identity Python PySAML2 6.4.1,Bypass Security,None,Network,Low,None,High,None
1,Identity Python PySAML2 security bypass,"Identity Python PySAML2 could allow a remote attacker to bypass security restrictions, caused by not ensure that a signed SAML document is correctly signed by the xmlsec1 binary. By persuading a victim to open a specially-crafted XML document, an attacker could exploit this vulnerability to process invalid SAML XML documents.",Unproven,6.5,CVE-2021-21239,Identity Python PySAML2 6.4.1,Bypass Security,None,Network,Low,None,High,None
2,Python PyCArg_repr function buffer overflow,"Python is vulnerable to a buffer overflow, caused by improper bounds checking by the PyCArg_repr function in _ctypes/callproc.c. By sending specially-crafted arguments to c_double.from_param, a remote attacker could overflow a buffer and execute arbitrary code on the system.",Unproven,9.8,CVE-2021-3177,Python Python 3.7,Gain Access,None,Network,Low,High,High,High
3,Python Flask-Security-Too package cross-site request forgery,"Python Flask-Security-Too package is vulnerable to cross-site request forgery, caused by improper validation of user-supplied input by the /login and /change endpoints. By persuading an authenticated user to visit a malicious Web site, a remote attacker could send a malformed HTTP request to obtain the authentication token information. An attacker could exploit this vulnerability to perform cross-site scripting attacks, Web cache poisoning, and other malicious activities.",Unproven,7.4,CVE-2021-21241,Python Flask-Security-Too package 3.3.0,Gain Access,None,Network,Low,High,None,None
4,Crossbar.io Autobahn|Python header injection,"Crossbar.io Autobahn|Python is vulnerable to HTTP header injection, caused by improper validation of input. By persuading a victim to visit a specially-crafted Web page, a remote attacker could exploit this vulnerability to inject arbitrary HTTP headers, which will allow the attacker to conduct various attacks against the vulnerable system, including cross-site scripting, cache poisoning or session hijacking.",Unproven,4.7,CVE-2020-35678,Crossbar.io Autobahn|Python 20.12.2,Data Manipulation,None,Network,Low,None,Low,None
5,python-apt denial of service,"python-apt is vulnerable to a denial of service, caused by various memory and file descriptor leaks in apt-python files python/arfile.cc, python/tag.cc, python/tarfile.cc. By persuading a victim to open a specially crafted file, a local attacker could exploit this vulnerability to consume all available resources.",Unproven,3.3,CVE-2020-27351,Python python-apt 1.1.0,Denial of Service,None,Local,Low,None,None,Low
6,OpenIDC Python OpenID Connect security bypass,"OpenIDC Python OpenID Connect could allow a remote attacker to bypass security restrictions, caused by multiple cryptographic issues. By sending a specially-crafted request, an attacker could exploit this vulnerability to perform replay attack and cipher downgrade.",Unproven,8.2,CVE-2020-26244,OpenIDC Python OpenID Connect 1.2.0,Bypass Security,None,Network,Low,Low,High,None
7,Python LXML cross-site scripting,"Python LXML is vulnerable to cross-site scripting, caused by improper validation of user-supplied input by the clean module. A remote attacker could exploit this vulnerability using a specially-crafted URL to execute script in a victim's Web browser within the security context of the hosting Web site, once the URL is clicked. An attacker could use this vulnerability to steal the victim's cookie-based authentication credentials.",Unproven,6.1,CVE-2020-27783,lxml lxml 3.3.4,Cross-Site Scripting,None,Network,Low,Low,Low,None
8,python-cryptography information disclosure,"python-cryptography could allow a remote attacker to obtain sensitive information, caused by a Bleichenbacher timing attack. By sending a specially-crafted request using the RSA decryption API, an attacker could exploit this vulnerability to obtain parts of the cipher text encrypted with RSA, and use this information to launch further attacks against the affected system.",Unproven,7.5,CVE-2020-25659,Python python-cryptography 3.2.0,Obtain Information,None,Network,Low,High,None,None
9,Apple macOS Big Sur security bypass,"Apple macOS Big Sur could allow a local attacker to bypass security restrictions, caused by multiple issues in the python or Ruby component. By using a specially-crafted application, an attacker could exploit this vulnerability to modify the file system.",Unproven,5.5,CVE-2020-27896,Apple macOS Big Sur 11.0.0,Bypass Security,None,Local,Low,None,High,None
10,Python-RSA information disclosure,"Python-RSA could allow a remote attacker to obtain sensitive information, caused by a Bleichenbacher timing attack. By sending a specially-crafted request using the RSA decryption API, an attacker could exploit this vulnerability to obtain parts of the cipher text encrypted with RSA, and use this information to launch further attacks against the affected system.",Unproven,5.3,CVE-2020-25658,Python-RSA Python-RSA 4.6,Obtain Information,None,Network,Low,Low,None,None
11,lookatme (python/pypi package) command execution,"lookatme (python/pypi package) could allow a remote authenticated attacker to execute arbitrary commands on the system, caused by an issue when automatically loading the built-in terminal and file_loader extensions. By persuading a victim to render a specially-crafted markdown, an attacker could exploit this vulnerability to execute arbitrary shell commands on the system.",Unproven,8.8,CVE-2020-15271,lookatme lookatme 2.2.0,Gain Access,None,Network,Low,High,High,High
12,Synopsys hub-rest-api-python (aka blackduck on PyPI) man-in-the-middle attack,"Synopsys hub-rest-api-python (aka blackduck on PyPI) is vulnerable to a man-in-the-middle attack, caused by improper validation of SSL certificates in certain cases. An attacker could exploit this vulnerability to launch a man-in-the-middle attack and gain access to the communication channel between endpoints to obtain sensitive information or further compromise the system.",Unproven,4.8,CVE-2020-27589,Synopsys hub-rest-api-python 0.0.25,Obtain Information,None,Adjacent Network,High,High,None,None
13,ReQuest Serious Play F3 Media Server information disclosure,"ReQuest Serious Play F3 Media Server could allow a remote attacker to obtain sensitive information, caused by a debug log disclosure vulnerability. By visiting the message_log page, a remote attacker could exploit this vulnerability to obtain the webserver's Python debug log file containing other sensitive information.",Unproven,7.5,,ReQuest Serious Play F3 Media Server 7.0.3,Obtain Information,None,Network,Low,High,None,None
14,Microsoft Visual Studio Code code execution,"Microsoft Visual Studio Code could allow a remote attacker to execute arbitrary code on the system, caused by an error when the Python extension loads a Jupyter notebook file. By persuading a victim to open specially-crafted content, an attacker could exploit this vulnerability to execute arbitrary code on the system with privileges of the victim.",Unproven,7.0,CVE-2020-16977,Microsoft Visual Studio Code,Gain Access,None,Local,High,High,High,High
15,Python multibytecodec_support.py unspecified,An unspecified error with CJK codec tests call eval() on content retrieved throug HTTP in multibytecodec_support.py in Python has an unknown impact and attack vector.,Unproven,5.3,CVE-2020-27619,Python Python 3.0,Gain Access,None,Network,Low,None,Low,None
16,Python http.client CRLF injection,"Python is vulnerable to CRLF injection, caused by improper validation of user-supplied input in http.client. By inserting CR and LF control characters in the first argument of HTTPConnection.request, a remote attacker could exploit this vulnerability to conduct various attacks against the vulnerable system, including cross-site scripting, cache poisoning or session hijacking.",Unproven,6.5,CVE-2020-26116,Python Python 3.5.9,Gain Access,None,Network,Low,Low,Low,None
17,Python TUF (The Update Framework) reference implementation security bypass,"Python TUF (The Update Framework) could allow a <remote attacker to bypass security restrictions, caused by an issue when incorrectly trusting a previously downloaded root metadata file which failed verification at download time. By using multiple new versions of root metadata, an attacker could exploit this vulnerability to control the trust chain for future updates.",Unproven,7.5,CVE-2020-15163,Python TUF 0.11,Bypass Security,None,Network,Low,None,High,None
18,Python Py denial of service,"Python Py is vulnerable to a denial of service, caused by a regular expression in the svnwc.py component. By supplying malicious input to the blame functionality, a remote attacker could exploit this vulnerability to cause a compute-time denial of service.",Proof of Concept,7.5,CVE-2020-29651,Python Py 1.9.0,Denial of Service,None,Network,Low,None,None,High
19,Django security bypass,"Django could allow a remote attacker to bypass security restrictions, caused by improper permissions in intermediate-level directories of the file system cache. By using Python 3.7+, an attacker could exploit this vulnerability to bypass access restrictions.",Unproven,5.3,CVE-2020-24584,Django Django 2.2.15,Bypass Security,None,Network,Low,None,Low,None
20,Scalyr Agent man-in-the-middle,"Scalyr Agent is vulnerable to a man-in-the-middle attack, caused by missing SSL certificate validation when the native Python code is used but lacks a comparison of the hostname to commonName and subjectAltName. An attacker could exploit this vulnerability to launch a man-in-the-middle attack and gain access to the communication channel between endpoints to obtain sensitive information or further compromise the system.",Unproven,6.5,CVE-2020-24715,Scalyr Scalyr Agent 2.1,Obtain Information,None,Network,Low,High,None,None
21,ROS actionlib code execution,"ROS actionlib could allow a local or remote attacker to execute arbitrary code on the system, caused by an unsafe parsing of YAML values. By using a specially-crafted payload, an attacker could exploit this vulnerability to execute arbitrary code in Python on the system.",Unproven,9.8,CVE-2020-10289,ROS actionlib,Gain Access,None,Network,Low,High,High,High
22,openapi-python-client code execution,"openapi-python-client could allow a remote authenticated attacker to execute arbitrary code on the system, caused by an error when a specially crafted OpenAPI Document is used to generate arbitrary Python code. By sending a specially crafted request, an attacker could exploit this vulnerability to execute arbitrary code on the system.",Unproven,8.0,CVE-2020-15142,openapi-python-client openapi-python-client,Gain Access,Low,Network,High,High,High,High
23,openapi-python-client directory traversal,"openapi-python-client could allow a remote authenticated attacker to traverse directories on the system. By using a specially crafted OpenAPI document, an attacker could send a specially-crafted URL request containing ""dot dot"" sequences (/../) to generate arbitrary files on the system.",Unproven,3.0,CVE-2020-15141,openapi-python-client openapi-python-client,Gain Access,Low,Network,High,None,Low,None
24,SABnzbd command execution,"SABnzbd could allow a remote authenticated attacker to execute arbitrary commands on the system, caused by a command injection flaw in the web configuration interface. By sending a specially-crafted request, an attacker could exploit this vulnerability to execute arbitrary Python commands on the underlying operating system.",Unproven,8.8,CVE-2020-13124,SABnzbd SABnzbd 2.0.0RC1,Gain Access,Low,Network,Low,High,High,High
25,Python tarfile.py denial of service,"Python is vulnerable to a denial of service, caused by a flaw in the tarfile module in Lib/tarfile.py. By persuading a victim to open a specially-craft a TAR archive, a remote attacker could exploit this vulnerability to cause the application to enter into an infinite loop.",Unproven,5.5,CVE-2019-20907,Python Python 3.8.3,Denial of Service,None,Local,Low,None,None,High
26,Dogtag PKI man-in-the-middle,"Dogtag PKI is vulnerable to a man-in-the-middle attack, caused by not enabling python-requests certificate validation in the pki.client.PKIConnection class. An attacker could exploit this vulnerability to launch a man-in-the-middle attack and gain access to the communication channel between endpoints to obtain sensitive information or further compromise the system.",Unproven,4.8,CVE-2020-15720,Dogtag PKI Dogtag PKI 10.8.3,Obtain Information,None,Adjacent Network,High,High,None,None
27,Python sys.path code execution,"Python could allow a local attacker to execute arbitrary code on the system, caused by an issue with sys.path restrictions specified in a python38._pth file are ignored. By sending a specially-crafted request, an attacker could exploit this vulnerability to execute arbitrary code on the system.",Unproven,8.4,CVE-2020-15801,Python Python 3.8.4,Gain Access,None,Local,Low,High,High,High
28,Beaker library for Python code execution,"Beaker library for Python could allow a remote attacker to execute arbitrary code on the system, caused by an unsafe deserialization in the cache database. By sending specially-crafted input, an attacker could exploit this vulnerability to execute arbitrary code on the system.",Unproven,9.8,CVE-2013-7489,Beaker Beaker 1.11.0,Gain Access,None,Network,Low,High,High,High
29,Python ipaddress.py denial of service,"Python is vulnerable to a denial of service, caused by improper computing hash values in the IPv4Interface and IPv6Interface classes in Lib/ipaddress.py. By sending a specially-crafted request, a remote attacker could exploit this vulnerability to cause a denial of service condition.",Unproven,7.5,CVE-2020-14422,Python Python 3.8.3,Denial of Service,None,Network,Low,None,None,High
30,Python-RSA denial of service,"Python-RSA is vulnerable to a denial of service, caused by a flaw during the decryption of ciphertext. By sending a specially-crafted request, a local attacker could exploit this vulnerability to cause a denial of service condition.",Proof of Concept,6.2,CVE-2020-13757,Python-RSA Python-RSA 4.0,Denial of Service,None,Local,Low,None,None,High
31,Apple macOS Catalina code execution,"Apple macOS Catalina could allow a remote attacker to execute arbitrary code on the system, caused by a memory corruption in the Python component. By persuading a victim to visit a specially-crafted Web site, a remote attacker could exploit this vulnerability to execute arbitrary code on the system.",Unproven,7.8,CVE-2020-9793,Apple macOS Catalina 10.15.4,Gain Access,None,Local,Low,High,High,High
32,Contentful cross-site scripting,"Contentful for Python is vulnerable to cross-site scripting, caused by improper validation of user-supplied input by the the-example-app.py. A remote attacker could exploit this vulnerability using the api parameter in a specially-crafted URL to execute script in a victim's Web browser within the security context of the hosting Web site, once the URL is clicked. An attacker could use this vulnerability to steal the victim's cookie-based authentication credentials.",High,6.1,CVE-2020-13258,Contentful Contentful 2020-05-21,Cross-Site Scripting,None,Network,Low,Low,Low,None
33,Python jw.util package code execution,"Python jw.util package could allow a remote attacker to execute arbitrary code on the system, caused by a flaw in the configuration-loading functionality. By sending a specially crafted request, an attacker could exploit this vulnerability to execute arbitrary code on the system.",Unproven,9.8,CVE-2020-13388,Python jw.util package 2.2,Gain Access,None,Network,Low,High,High,High
34,Open edX Ironwood code execution,"Open edX Ironwood could allow a remote attacker to execute arbitrary code on the system, caused by the failure to use CodeJail. An attacker could exploit this vulnerability to go to the Create New course>New section>New subsection>New unit>Add new component>Problem button>Advanced tab>Custom Python evaluated code screen, edit the problem and execute Python code on the system.",Unproven,9.8,CVE-2020-13144,Open edX Ironwood 2.5,Gain Access,None,Network,Low,High,High,High
35,Autoswitch Python Virtualenv code execution,"Autoswitch Python Virtualenv could allow a remote authenticated attacker to execute arbitrary code on the system, caused by improper input validation. By using a specially-crafted .venv file, an attacker could exploit this vulnerability to execute arbitrary code on the system.",Unproven,8.8,CVE-2020-11073,Autoswitch Python Virtualenv Autoswitch Python Virtualenv 1.15.2,Gain Access,Low,Network,Low,High,High,High
36,Microsoft Visual Studio Code code execution,"Microsoft Visual Studio Code could allow a remote attacker to execute arbitrary code on the system, caused by a flaw in the Python extension. By persuading a victim to open a specially-crafted file, an attacker could exploit this vulnerability to execute arbitrary code on the system.",Unproven,8.8,CVE-2020-1192,Microsoft Visual Studio Code,Gain Access,None,Network,Low,High,High,High
37,Plex Media Server code execution,"Plex Media Server could allow a remote authenticated attacker to execute arbitrary code on the system, caused by a deserialization of untrusted data vulnerability. By sending a specially crafted request, an attacker could exploit this vulnerability to execute arbitrary Python code on the system.",Functional,8.8,CVE-2020-5741,Plex Media Server 1.18.2.2029,Gain Access,Low,Network,Low,High,High,High
38,Plex Media Server code execution,"Plex Media Server could allow a local attacker to execute arbitrary code on the system, caused by improper input validation. By sending a specially crafted request, an attacker could exploit this vulnerability to execute arbitrary Python code with SYSTEM privileges.",Unproven,8.4,CVE-2020-5740,Plex Media Server 1.18.2.2029,Gain Access,None,Local,Low,High,High,High
39,python-markdown2 cross-site scripting,"python-markdown2 is vulnerable to cross-site scripting, caused by improper validation of user-supplied input. A remote attacker could exploit this vulnerability using element names in a specially-crafted URL to execute script in a victim's Web browser within the security context of the hosting Web site, once the URL is clicked. An attacker could use this vulnerability to steal the victim's cookie-based authentication credentials.",High,6.1,CVE-2020-11888,python-markdown2 python-markdown2 2.3.8,Cross-Site Scripting,None,Network,Low,Low,Low,None
40,svglib external entity injection,"svglib package for Python could allow a remote attacker to obtain sensitive information, caused by improper handling of XML external entity (XXE) in binary/BinaryMapIndexReader.java. By sending a specially-crafted HTTP request, a remote attacker could exploit this vulnerability to obtain sensitive information or cause a denial of service.",Unproven,6.5,CVE-2020-10799,svglib svglib 0.9.3,Denial of Service,None,Network,Low,Low,None,Low
41,Python safety package code execution,"Python safety package could allow a remote attacker to execute arbitrary code on the system, caused by a flaw in the Safety Command-Line Tool. By sending a specially crafted request, an attacker could exploit this vulnerability to execute arbitrary code on the system.",Unproven,9.8,CVE-2020-5252,Python safety package for Python,Gain Access,None,Network,Low,High,High,High
42,Microsoft VSCode Python Extension code execution,"Microsoft VSCode could allow a remote attacker to execute arbitrary code on the system, caused by a flaw in the Python Extension. By persuading a victim to clone a specially-crafted repository, an attacker could exploit this vulnerability to execute arbitrary code on the system.",Proof of Concept,7.8,,Microsoft Visual Studio Code,Gain Access,None,Local,Low,High,High,High
43,PyYAML code execution,"PyYAML could allow a remote attacker to execute arbitrary code on the system, caused by an error when processing untrusted YAML files through the full_load method or with the FullLoader loader. By abusing the python/object/new constructor, an attacker could exploit this vulnerability to execute arbitrary code on the system.",Unproven,9.8,CVE-2020-1747,PyYAML PyYAML 5.3.0,Gain Access,None,Network,Low,High,High,High
44,Zyxel CloudCNM SecuManager security bypass,"Zyxel CloudCNM SecuManager could allow a remote attacker to bypass security restrictions, caused by the use of q6xV4aW8bQ4cfD-b password for the axiros account. By sending a specially-crafted request, an attacker could exploit this vulnerability to download and upload python code, templates, webpages and ZEXPs.",Unproven,9.8,CVE-2020-15347,Zyxel CloudCNM SecuManager 3.1.0,Bypass Security,None,Network,Low,High,High,High
45,Druva inSync Mac OS Client code execution,"Druva inSync Mac OS Client could allow a local authenticated attacker to execute arbitrary code on the system, caused by improper neutralization of directives in dynamically evaluated code. By sending specially-crafted request, an attacker could exploit this vulnerability to execute arbitrary Python expressions with root privileges.",Unproven,7.8,CVE-2019-4000,Druva inSync Mac OS Client 6.5.0,Gain Privileges,Low,Local,Low,High,High,High
46,Python denial of service,"Python is vulnerable to a denial of service, caused by a flaw in the urllib.request.AbstractBasicAuthHandler. By sending a specially crafted request, a remote attacker could exploit this vulnerability to cause a Regular Expression Denial of Service (ReDoS).",Unproven,5.3,CVE-2020-8492,Python Python 3.5,Denial of Service,None,Network,Low,None,None,Low
47,TensorFlow tf.float16 value denial of service,"Tensorflow is vulnerable to a denial of service, caused by a flaw when converting a string (from Python) to a tf.float16 value. By sending a specially-crafted string, a remote attacker could exploit this vulnerability to cause a segmentation fault.",Unproven,5.3,CVE-2020-5215,TensorFlow TensorFlow 1.12.0,Denial of Service,None,Network,Low,None,None,Low
48,Python interface to the apt package manager security bypass,Python interface to the apt package manager could allow a remote attacker to bypass security restrictions. An attacker could exploit this vulnerability to install packages from untrusted repositories.,Unproven,5.3,CVE-2019-15796,Python python-apt 1.8.4.1,Bypass Security,None,Network,Low,None,Low,None
49,Python interface to the apt package manager man-in-the-middle,"Python interface to the apt package manager is vulnerable to a man-in-the-middle attack, caused by the continued use of MD5 hashes to validate certain downloaded packages. By using man-in-the-middle techniques, an attacker could exploit this vulnerability to install altered packages.",Unproven,4.3,CVE-2019-15795,Python python-apt 1.8.4.1,Gain Access,None,Network,Low,None,Low,None
50,Python code execution,"Python could allow a remote attacker to execute arbitrary code on the system, caused by an insecure dependency load upon launch on Windows 7. An attacker could exploit this vulnerability to execute arbitrary code on the system.",Unproven,9.8,CVE-2020-8315,Python Python 3.7,Gain Access,None,Network,Low,High,High,High
51,Mozilla Firefox code execution,"Mozilla Firefox could allow a remote attacker to execute arbitrary code on the system, caused by an error when Python was installed on Windows. By persuading a victim to visit a specially-crafted Web site, a remote attacker could exploit this vulnerability to inadvertently execute Python files upon opening a download.",Unproven,8.8,CVE-2019-17019,Mozilla Firefox 71,Gain Access,None,Network,Low,High,High,High
52,Pillow TIFF decoding buffer overflow,"Python Pillow is vulnerable to an integer overflow, caused by improper calculation of memory block reallocation by libImaging/TiffDecode.c. By persuading a victim to open a specially-crafted TIFF image, a remote attacker could overflow a buffer and cause the application to crash.",Unproven,5.5,CVE-2020-5310,Python Pillow 2.3.0,Gain Access,None,Local,Low,None,None,High
53,Python Pillow PCX buffer overflow,"Python Pillow is vulnerable to a buffer overflow, caused by improper bounds checking by libImaging/PcxDecode.c. By persuading a victim to open a specially-crafted PCX file, a remote attacker could overflow a buffer and execute arbitrary code on the system or cause the application to crash.",Unproven,7.8,CVE-2020-5312,Python Pillow 2.3.0,Gain Access,None,Local,Low,High,High,High
54,Python Pillow SGI buffer overflow,"Python Pillow is vulnerable to a buffer overflow, caused by improper bounds checking by libImaging/SgiRleDecode.c. By persuading a victim to open a specially-crafted SGI file, a remote attacker could overflow a buffer and execute arbitrary code on the system or cause the application to crash.",Unproven,7.8,CVE-2020-5311,Python Pillow 2.3.0,Gain Access,None,Local,Low,High,High,High
55,Python Pillow FLI buffer overflow,"Python Pillow is vulnerable to a buffer overflow, caused by improper bounds checking by libImaging/FliDecode.c. By persuading a victim to open a specially-crafted FLI file, a remote attacker could overflow a buffer and execute arbitrary code on the system or cause the application to crash.",Unproven,7.8,CVE-2020-5313,Python Pillow 2.3.0,Gain Access,None,Local,Low,High,High,High
56,Python Pillow package denial of service,"Python Pillow package is vulnerable to a denial of service, caused by an OverflowError or MemoryError in FpxImagePlugin.py. By persuading a victim to open a specially-crafted file, a remote attacker could exploit this vulnerability to cause a denial of service condition.",Unproven,3.3,CVE-2019-19911,Python Pillow 6.2.1,Denial of Service,None,Local,Low,None,None,Low
57,python-ecdsa DER encoding denial of service,"python-ecdsa is vulnerable to a denial of service, caused by the failure to verify DER encoding in signatures. By using specially-crafted DER signatures, a remote attacker could exploit this vulnerability to cause a denial of service.",Unproven,5.3,CVE-2019-14859,python-ecdsa python-ecdsa 0.13.2,Denial of Service,None,Network,Low,None,None,Low
58,python-markdown2 cross-site scripting,"python-markdown2 is vulnerable to cross-site scripting, caused by improper validation of user-supplied input. A remote attacker could exploit this vulnerability to execute script in a victim's Web browser within the security context of the hosting Web site. An attacker could use this vulnerability to steal the victim's cookie-based authentication credentials.",High,6.1,CVE-2009-3724,python-markdown python-markdown 2.0,Cross-Site Scripting,None,Network,Low,Low,Low,None
59,Python urllib2 header injection,"Python is vulnerable to HTTP header injection, caused by improper validation of input in the urllib2. By sending a specially-crafted request, a remote attacker could exploit this vulnerability to inject arbitrary HTTP headers, which will allow the attacker to conduct various attacks against the vulnerable system, including cross-site scripting, cache poisoning or session hijacking.",Unproven,5.4,CVE-2019-18348,Python Python 2.7.17,Gain Access,None,Network,Low,Low,Low,None
60,python-ecdsa denial of service,"python-ecdsa is vulnerable to a denial of service, caused by an error-handling flaw. By using malformed DER signatures, a remote attacker could exploit this vulnerability to cause the application to crash.",Unproven,5.3,CVE-2019-14853,python-ecdsa python-ecdsa 0.13.2,Denial of Service,None,Network,Low,None,None,Low
61,Python DocXMLRPCServer.py cross-site scripting,"Python is vulnerable to cross-site scripting, caused by improper validation of user-supplied input by the python/Lib/DocXMLRPCServer.py. A remote attacker could exploit this vulnerability using the server_title field to inject malicious script into a Web page which would be executed in a victim's Web browser within the security context of the hosting Web site, once the URL is clicked. An attacker could use this vulnerability to steal the victim's cookie-based authentication credentials.",High,6.1,CVE-2019-16935,Python Python 2.7.16,Cross-Site Scripting,None,Network,Low,Low,Low,None
62,pam-python privilege escalation,"pam-python could allow a local authenticated attacker to gain elevated privileges on the system, caused by a flaw in the default environment variable handling of Python. An attacker could exploit this vulnerability to escalate privileges in certain PAM setups.",Unproven,7.8,CVE-2019-16729,pam-python pam-python 1.0.7,Gain Privileges,Low,Local,Low,High,High,High
63,Elastic APM agent for Python information disclosure,"Elastic APM agent for Python could allow a remote attacker to obtain sensitive information, caused by a variable name clash flaw. By using a specially-crafted proxy header, a remote attacker could exploit this vulnerability to obtain sensitive information.",Unproven,5.3,CVE-2019-7617,Elastic APM agent for Python 5.0.0,Obtain Information,None,Network,Low,Low,None,None
64,python-engineio webSocket security bypass,"python-engineio could allow a remote attacker to bypass security restrictions, caused by a cross-site webSocket hijacking (CSWSH) vulnerability. By persuading a victim to visit a specially-crafted Web site, an attacker could exploit this vulnerability to initiate webSocket connections to a server.",Unproven,6.5,CVE-2019-13611,python-engineio python-engineio 3.8.2,Bypass Security,None,Network,Low,None,High,None
65,Python novajoin plugin privilege escalation,"Python novajoin plugin could allow a remote authenticated attacker to gain elevated privileges on the system, caused by improper access control in the novajoin API. An attacker could exploit this vulnerability to generate FreeIPA tokens.",Unproven,8.8,CVE-2019-10138,Python novajoin plugin,Gain Privileges,Low,Network,Low,High,High,High
66,Python urllib.parse.urlsplit and urllib.parse.urlparse components information disclosure,"Python urllib.parse.urlsplit and urllib.parse.urlparse components could allow a remote attacker to obtain sensitive information, caused by improper unicode encoding handling. By using a specially-crafted URL, an attacker could exploit this vulnerability to obtain sensitive information.",Unproven,7.5,CVE-2019-10160,Python Python 2.7,Obtain Information,None,Network,Low,High,None,None
67,Python Parso code execution,"Python Parso could allow a remote attacker to execute arbitrary code on the system, caused by a deserialization flaw. By persuading a victim to open a specially-crafted cache grammar file, an attacker could exploit this vulnerability to execute arbitrary code on the system.",Proof of Concept,7.8,CVE-2019-12760,Python Parso 0.4.0,Gain Access,None,Local,Low,High,High,High
68,Cisco NX-OS Software privilege escalation,"Cisco NX-OS Software could allow a local authenticated attacker to gain elevated privileges on the system, caused by improper input validation by the parameters passed to Python functions in the scripting sandbox. By sending a specially-crafted request, an authenticated attacker could exploit this vulnerability to escape the scripting sandbox and execute arbitrary commands with elevated privileges.",Unproven,4.2,CVE-2019-1727,Cisco MDS 9000 Series Multilayer Switches,Gain Privileges,High,Local,Low,Low,Low,Low
69,pypa pip package for python directory traversal,"pypa pip package for python could allow a remote attacker to traverse directories on the system, caused by a flaw when installing package via a specified URL. An attacker could use a specially-crafted Content-Disposition header with filename containing ""dot dot"" sequences (/../) to overwrite arbitrary files on the system.",Unproven,8.2,CVE-2019-20916,pypa pip package for Python 19.1.1,Gain Access,None,Network,Low,None,High,Low
70,Python ast.c denial of service,"Python is vulnerable to a denial of service, caused by a handle_keywordonly_args out-of-bounds read in Python/ast.c. An attacker could exploit this vulnerability to crash the interpreter process.",Unproven,5.3,CVE-2019-19275,Python Python 3.8,Denial of Service,None,Network,Low,None,None,Low
71,Python ast.c denial of service,"Python is vulnerable to a denial of service, caused by an ast_for_arguments out-of-bounds read in Python/ast.c. An attacker could exploit this vulnerability to crash the interpreter process.",Unproven,5.3,CVE-2019-19274,Python Python 3.8,Denial of Service,None,Network,Low,None,None,Low
72,Python urllib3 request parameter CRLF injection,"Python urllib3 is vulnerable to CRLF injection, caused by improper validation of user-supplied input by the request parameter. By sending a specially-crafted HTTP response containing CRLF character sequences, a remote attacker could exploit this vulnerability to conduct various attacks against the vulnerable system, including cross-site scripting, cache poisoning or session hijacking.",Unproven,5.3,CVE-2019-11236,Python urllib3 1.24.1,Gain Access,None,Network,Low,None,Low,None
73,Python urllib2 header injection,"Python is vulnerable to HTTP header injection, caused by improper validation of input in the urllib2. By sending a specially-crafted request, a remote attacker could exploit this vulnerability to inject arbitrary HTTP headers, which will allow the attacker to conduct various attacks against the vulnerable system, including cross-site scripting, cache poisoning or session hijacking.",Proof of Concept,6.1,CVE-2019-9740,Python urllib2 for Python 2,Gain Access,None,Network,Low,Low,Low,None
74,Python denial of service,"Python is vulnerable to a denial of service, caused by a flaw in the Lib/zipfile.py. By using a ZIP bomb, a remote attacker could exploit this vulnerability to cause a denial of dervice.",Unproven,3.3,CVE-2019-9674,Python Python 3.7.2,Denial of Service,None,Local,Low,None,None,Low
75,Python urllib.parse.urlsplit and urllib.parse.urlparse components information disclosure,"Python urllib.parse.urlsplit and urllib.parse.urlparse components could allow a remote attacker to obtain sensitive information, caused by improper unicode encoding handling in NFKC normalization. By using a specially-crafted URL, an attacker could exploit this vulnerability to obtain sensitive information.",Unproven,7.5,CVE-2019-9636,Python urllib.parse.urlsplit,Obtain Information,None,Network,Low,High,None,None
76,Digi TransPort LR54 command execution,"Digi TransPort LR54 could allow a remote authenticated attacker to execute arbitrary commands on the system, caused by the improper handling of command line arguments when executing python scripts by the CLI. By sending a specially crafted argument, an attacker could exploit this vulnerability to execute arbitrary commands on the system with root privileges.",Proof of Concept,7.2,CVE-2018-20162,Digi TransPort LR54 firmware 4.4.0.26,Bypass Security,High,Network,Low,High,High,High
77,Facebook Thrift Python denial of service,"Facebook Thrift is vulnerable to a denial of service, caused by improper handling of messages in the Python Facebook Thrift servers. By sending a specially-crafted message, a remote attacker could exploit this vulnerability to cause the application to stop responding.",Unproven,5.3,CVE-2019-3558,Facebook Thrift 2019.02.11.00,Denial of Service,None,Network,Low,None,None,Low
78,RDFLib python-rdflib-tools package code execution,"RDFLib python-rdflib-tools package could allow a remote attacker to execute arbitrary code on the system, caused by a code injection flaw in the CLI tools. By sending a specially-crafted arguments, an attacker could exploit this vulnerability to execute arbitrary code on the system.",Unproven,9.8,CVE-2019-7653,RDFLib RDFLib 4.2.2,Gain Access,None,Network,Low,High,High,High
79,Python urllib security bypass,"Python could allow a remote attacker to bypass security restrictions, caused by improper input validation by the urllib. By sending a specially-crafted request, an attacker could exploit this vulnerability to bypass the blacklist file: URIs protection mechanisms.",Unproven,5.3,CVE-2019-9948,Python Python 2.7.16,Bypass Security,None,Network,Low,None,Low,None
80,Python urllib and urllib2 header injection,"Python is vulnerable to HTTP header injection, caused by improper validation of input in urllib and urllib2. By persuading a victim to visit a specially-crafted Web page, a remote attacker could exploit this vulnerability to inject arbitrary HTTP headers, which will allow the attacker to conduct various attacks against the vulnerable system, including cross-site scripting, cache poisoning or session hijacking.",Unproven,6.1,CVE-2019-9947,Python Python 2.7.16,Gain Access,None,Network,Low,Low,Low,None
81,python-libnmap denial of service,"python-libnmap is vulnerable to a denial of service, caused by XML Injection in XML Parsing. By sending a specially crafted XML payload, a remote attacker could exploit this vulnerability to cause the application to crash.",Unproven,5.3,CVE-2019-1010017,python-libnmap python-libnmap 0.6.3,Denial of Service,None,Network,Low,None,None,Low
82,python-gnupg gnupg.GPG.encrypt() and gnupg.GPG.decrypt() methods security bypass,"python-gnupg could provide weaker than expected security, caused by improper input validation in the gnupg.GPG.encrypt() and gnupg.GPG.decrypt() methods. By supplying a specially-crafted passphrase, a remote attacker could exploit this vulnerability to control or modify the ciphertext/plaintext being decrypted or encrypted.",Proof of Concept,9.1,CVE-2019-6690,python-gnupg python-gnupg 0.4.3,Bypass Security,None,Network,Low,High,High,None
83,NumPy Pickle module code execution,"NumPy could allow a remote attacker to execute arbitrary code on the system, caused by the unsafe use of the pickle Python module. By using a specially-crafted serialized object, an attacker could exploit this vulnerability to execute arbitrary code on the system.",Proof of Concept,9.8,CVE-2019-6446,NumPy NumPy 1.16.0,Gain Access,None,Network,Low,High,High,High
84,Oracle MySQL Connectors Connector/Python unspecified,"An unspecified vulnerability in Oracle MySQL related to the Connectors Connector/Python component could allow an unauthenticated attacker to cause high confidentiality impact, high integrity impact, and no availability impact.",Unproven,8.1,CVE-2019-2435,Oracle MySQL Connectors 2.1.8,Other,None,Network,Low,High,High,None
85,Splunk Splunk-SDK-Python man-in-the-middle,"Splunk Splunk-SDK-Python is vulnerable to a man-in-the-middle attack, caused by improper validation of TLS server certificates. By sending a specially crafted certificate, an attacker could exploit this vulnerability to conduct man-in-the-middle attacks.",Unproven,5.3,CVE-2019-5729,Splunk Splunk-SDK-Python 1.6.5,Gain Access,None,Network,Low,None,Low,None
86,Sqla_yaml_fixtures sqla_yaml_fixtures.load code execution,"Sqla_yaml_fixtures could allow a local attacker to execute arbitrary python code on the system, caused by improper input validation by the fixture_text argument in sqla_yaml_fixtures.load. By sending a specially-crafted request, an attacker could exploit this vulnerability to execute arbitrary python code on the system.",Unproven,7.3,CVE-2019-3575,Sqla_yaml_fixtures Sqla_yaml_fixtures 0.9.1,Gain Access,None,Network,Low,Low,Low,Low
87,Danijar Hafner definitions package for Python parser.py. command execution,"Danijar Hafner definitions package for Python could allow a remote attacker to execute arbitrary commands on the system, caused by a flaw in the load() method in definitions/parser.py. By using a specially-crafted file, an attacker could exploit this vulnerability to execute arbitrary commands on the system.",Unproven,7.8,CVE-2018-20325,Python Danijar Hafner definitions package for Python,Gain Access,None,Local,Low,High,High,High
88,ymlref api.load method command execution,"ymlref could allow a local attacker to execute arbitrary commands on the system, caused by a flaw in the api.load method in ymlref.api.py. By sending specially-crafted arguments, an attacker could exploit this vulnerability to execute arbitrary Python commands on the system.",Unproven,5.9,CVE-2018-20133,ymlref ymlref 0.1.1,Gain Access,None,Local,Low,Low,Low,Low
89,JPCERTCC LogonTracer code execution,JPCERTCC LogonTracer could allow a remote attacker to execute arbitrary code on the system. An attacker could exploit this vulnerability to inject and execute arbitrary Python code on the system.,Unproven,10.0,CVE-2018-16168,JPCERTCC LogonTracer 1.2.0,Gain Access,None,Network,Low,High,High,High
90,Python cookiejar.py information disclosure,"Python could allow a remote attacker to obtain sensitive information, caused by the failure to correctly validate the domain by http.cookiejar.DefaultPolicy.domain_return_ok in Lib/http/cookiejar.py. By using a server with a hostname that has another valid hostname as a suffix, an attacker could exploit this vulnerability to obtain leaked existing cookies.",Unproven,5.3,CVE-2018-20852,Python Python 2.2,Obtain Information,None,Network,Low,Low,None,None
91,The Requests package for Python information disclosure,"The Requests package for Python could allow a remote attacker to obtain sensitive information, caused by sending information in an insecure manner. By sniffing the network, a remote attacker could exploit this vulnerability to obtain sensitive information.",Unproven,5.3,CVE-2018-18074,python-requests python-requests 2.19.1,Obtain Information,None,Network,Low,Low,None,None
92,Imperva SecureSphere command execution,"Imperva SecureSphere could allow a remote attacker to execute arbitrary commands on the system, caused by improper input validation in the Python CGI scripts in PWS. By sending a specially-crafted command, an attacker could exploit this vulnerability to execute arbitrary OS commands on the system.",Functional,9.8,CVE-2018-19646,Imperva SecureSphere 13.0.10,Gain Access,None,Network,Low,High,High,High
93,Python elementtree C accelerator denial of service,"Python is vulnerable to a denial of service, caused by a flaw in the elementtree C accelerator. By using a specially-crafted XML document, a remote attacker could exploit this vulnerability to cause a resource exhaustion.",Unproven,5.3,CVE-2018-14647,Python Python 2.7,Denial of Service,None,Network,Low,None,None,Low
94,Python _pickle.c denial of service,"Python is vulnerable to a denial of service, caused by an integer overflow in the Modules/_pickle.c. By using a large LONG_BINPUT value, a remote attacker could exploit this vulnerability to exhaust all available memory resources.",Unproven,5.3,CVE-2018-20406,Python Python 3.7.0,Denial of Service,None,Network,Low,None,None,Low
95,Intel Distribution for Python (IDP) privilege escalation,"Intel Distribution for Python (IDP) could allow a local authenticated attacker to gain elevated privileges on the system, caused by an incorrect default install directory permission issue. By using a specially-crafted file, an authenticated attacker could exploit this vulnerability to gain elevated privileges.",Unproven,6.7,CVE-2018-12175,Intel Distribution for Python (IDP) 2018 Update 2,Gain Privileges,Low,Local,High,High,High,High
96,Python shutil module command execution,"Python could allow a local attacker to execute arbitrary commands on the system, caused by a flaw in the shutil module (make_archive function). By using a specially-crafted file, an attacker could exploit this vulnerability to execute arbitrary commands on the system.",Unproven,8.4,CVE-2018-1000802,Python Python 2.7,Gain Access,None,Local,Low,High,High,High
97,glot-www os.system command execution,"glot-www could allow a remote attacker to execute arbitrary commands on the system, caused by the supporting of os.system within a python files content JSON file. By sending specially-crafted command arguments, an attacker could exploit this vulnerability to execute arbitrary commands on the system.",Unproven,9.8,CVE-2018-15747,glot-www glot-www 2018-05-19,Gain Access,None,Network,Low,High,High,High
98,PyCryptodome package for Python AESNI_encrypt and AESNI_decrypt functions denial of service,"PyCryptodome package for Python is vulnerable to a denial of service, caused by an integer overflow in the AESNI_encrypt and AESNI_decrypt functions in AESNI.c. By sending a specially-crafted data to data_len variable, a remote attacker could exploit this vulnerability to cause Python to crash.",Unproven,7.5,CVE-2018-15560,Python PyCryptodome package for Python 3.6.5,Denial of Service,None,Network,Low,None,None,High
99,Python cryptography package finalize_with_tag API security bypass,"Python cryptography package could allow a remote attacker to bypass security restrictions, caused by the failure to enforce a minimum tag length in the finalize_with_tag API. By sending a specially-crafted request, an attacker could exploit this vulnerability to bypass the MAC check.",Unproven,5.3,CVE-2018-10903,Python cryptography 1.9.0,Bypass Security,None,Network,Low,None,Low,None
100,Python email module security bypass,"Python could allow a remote attacker to bypass security restrictions, caused by an issue with email module incorrectly parsing email address containing multiple @ characters. By sending a specially-crafted request, an attacker could exploit this vulnerability to bypass email filtering protection.",Unproven,7.5,CVE-2019-16056,Python Python 2.7.16,Bypass Security,None,Network,Low,None,High,None
101,Intel Distribution for Python denial of service,"Intel Distribution for Python is vulnerable to a denial of service, caused by the improper validation of input in Bleach module. An attacker could exploit this vulnerability to bypass URI sanitization and cause a denial of service.",Unproven,8.4,CVE-2018-3650,Intel Distribution for Python (IDP) 2018 Update 2,Denial of Service,None,Local,Low,High,High,High
102,Python pop3lib's apop() method denial of service,"Python is vulnerable to a denial of service, caused by catastrophic backtracking in the pop3lib's apop() method. A remote attacker could exploit this vulnerability to cause the application to crash.",Unproven,6.5,CVE-2018-1060,Python Python 2.7.15,Denial of Service,None,Network,Low,None,None,High
103,Python difflib.IS_LINE_JUNK method denial of service,"Python is vulnerable to a denial of service, caused by catastrophic backtracking in the difflib.IS_LINE_JUNK method. A remote attacker could exploit this vulnerability to cause the application to crash.",Unproven,6.5,CVE-2018-1061,Python Python 2.7.15,Denial of Service,None,Network,Low,None,None,High
104,Validators package for Python denial of service,"Validators package for Python is vulnerable to a denial of service, caused by an error when validators.domain is called. By sending a specially-crafted domain string, a remote attacker could exploit this vulnerability to cause the application to enter into an infinite loop.",Unproven,7.5,CVE-2019-19588,validators validators 0.12.2,Denial of Service,None,Network,Low,None,None,High
105,Oracle Sun Systems Solaris Python modules unspecified,"An unspecified vulnerability in Oracle Sun Systems related to the Solaris Python modules component could allow an authenticated attacker to cause high confidentiality impact, high integrity impact, and no availability impact.",Unproven,6.0,CVE-2018-2753,Oracle Solaris 11.3,Other,Low,Local,High,High,High,None
106,Python glob.html weak security,"Python could provide weaker than expected security, caused by a flaw in the library/glob.html which could mislead information about whether sorting occurs. A remote attacker could exploit this vulnerability to launch further attacks on the system.",Unproven,5.3,CVE-2019-17514,Python Python 2.7,Gain Access,None,Network,Low,None,Low,None
107,marshmallow library for Python schema only option information disclosure,"marshmallow library for Python could allow a remote attacker to obtain sensitive information, caused by a flaw in the implementation of schema only option. By sending a specially-crafted data, a remote attacker could exploit this vulnerability to obtain sensitive information.",Unproven,5.3,CVE-2018-17175,marshmallow marshmallow library 2.15.0,Obtain Information,None,Network,Low,Low,None,None
108,Python CPytho os.symlink() function buffer overflow,"Python CPytho is vulnerable to a buffer overflow, caused by improper bounds checking by os.symlink() function. By using a python script that creates a symlink with an attacker controlled name or location, a local attacker could overflow a buffer and execute arbitrary code on the system with elevated privileges.",Unproven,8.4,CVE-2018-1000117,Python CPython 3.6.4,Gain Access,None,Local,Low,High,High,High
109,Python Bleach package URI value security bypass,"Python Bleach package could allow a remote attacker to bypass security restrictions, caused by improper validation of URI values. By using character entities in the URL values, an attacker could exploit this vulnerability to bypass access restrictions.",Unproven,5.3,CVE-2018-7753,Python Bleach package 2.1.2,Bypass Security,None,Network,Low,None,Low,None
110,"New Relic Java, Python, and .NET agents command execution","New Relic Java, Python, and .NET agents could allow a remote attacker to execute SQL commands on the database, caused by running multiple statements separated by semicolons in a single query. An attacker could exploit this vulnerability to return the results of the additional statements and execute an additional INSERT or UPDATE command on the database.",Unproven,7.3,,New Relic Python Agent 1.1.0.192,Gain Access,None,Network,Low,Low,Low,Low
111,Duo Network Gateway python-saml security bypass,"Duo Network Gateway (DNG) could allow a remote authenticated attacker to bypass security restrictions, caused by an implementation flaw in a third-party library. By adding or modifying specially crafted XML data, an attacker could exploit this vulnerability to modify digital signatures of user attribute data and impersonate a user or obtain potentially sensitive information.",Unproven,5.4,US-CERT VU#475445,Duo Network Gateway python-saml 1.2,Bypass Security,Low,Network,Low,Low,Low,None
112,OneLogin python-saml security bypass,"OneLogin could allow a remote authenticated attacker to bypass security restrictions, caused by an implementation flaw in the python-saml open-source library. By adding or modifying specially crafted XML data, an attacker could exploit this vulnerability to modify digital signatures of user attribute data and impersonate a user or obtain potentially sensitive information.",Unproven,5.4,CVE-2017-11427,OneLogin python-saml 1.4.0,Bypass Security,Low,Network,Low,Low,Low,None
113,Juniper AppFormix command execution,"Juniper AppFormix could allow a remote attacker to execute arbitrary commands on the system, caused by an error in the application management platform. By accessing a Python debug console, an attacker could exploit this vulnerability to execute arbitrary commands on the system with root privileges.",Unproven,9.8,CVE-2018-0015,Juniper AppFormix 2.7,Gain Access,None,Network,Low,High,High,High
114,Dell EMC Isilon OneFS privilege escalation,"Dell EMC Isilon OneFS could allow a remote attacker to gain elevated privileges on the system, caused by a path traversal when reading the script file to run. An attacker could exploit this vulnerability using remote support scripts to execute arbitrary python code with root privileges.",Proof of Concept,9.8,CVE-2018-1204,EMC Isilon OneFS 7.1.0.0,Gain Access,None,Network,Low,High,High,High
115,Green Electronics RainMachine Mini-8 (2nd generation) code execution,"Green Electronics RainMachine Mini-8 (2nd generation) could allow a remote attacker to execute arbitrary code on the system, caused by improper input validation by the Weather Service feature. By sending specially-crafted data to the 'Add new weather data source' upload function, an attacker could exploit this vulnerability to execute arbitrary Python code on the system.",Unproven,7.3,CVE-2018-6012,Green Electronics RainMachine Mini-8 (2nd generation),Gain Access,None,Network,Low,Low,Low,Low
116,markdown2 safe_mode feature cross-site scripting,"markdown2 (aka python-markdown2) is vulnerable to cross-site scripting, caused by improper validation of user-supplied input by the safe_mode feature. A remote attacker could exploit this vulnerability to inject malicious script into a Web page which would be executed in a victim's Web browser within the security context of the hosting Web site, once the page is viewed. An attacker could use this vulnerability to steal the victim's cookie-based authentication credentials.",High,6.1,CVE-2018-5773,python-markdown2 python-markdown2 2.3.5,Cross-Site Scripting,None,Network,Low,Low,Low,None
117,New Relic Python agent High Security Mode information disclosure,"New Relic Python agent could allow a remote attacker to obtain sensitive information, caused by an error when High Security Mode is enabled. By customizing message params with the tracing APIs, an attacker could exploit this vulnerability to capture custom API parameters in High Security Mode.",Unproven,5.9,,New Relic Python Agent,Obtain Information,None,Network,High,High,None,None
118,New Relic Python agent SQL query parameters security bypass,"New Relic Python agent could allow a remote attacker to bypass security restrictions, caused by the failure to properly obfuscate SQL query parameters. An attacker could exploit this vulnerability to send SQL query parameters with double quoted strings.",Unproven,5.3,,New Relic Python Agent,Bypass Security,None,Network,Low,None,Low,None
119,Electrum Python console security bypass,"Electrum could allow a remote attacker to bypass security restrictions, caused by a flaw in the Python console. By persuading a victim to paste a specially-crafted exploit code, an attacker could exploit this vulnerability to steal Bitcoin.",Unproven,5.5,CVE-2018-6353,Electrum Electrum 2.9.4,Bypass Security,None,Local,Low,None,High,None
120,Python package for Debian webbrowser.py security bypass,"Python package for Debian could allow a remote attacker to bypass security restrictions, caused by improper validation of strings before launching the program specified by the BROWSER environment variable in Lib/webbrowser.py. By using a specially-crafted URL, an attacker could exploit this vulnerability to conduct argument injection attacks.",Unproven,7.5,CVE-2017-17522,Debian jython package for Debian 2.5.3-3+deb8u1,Bypass Security,None,Network,Low,None,High,None
121,Cisco NX-OS System Software security bypass,"Cisco NX-OS System Software could allow a local authenticated attacker to bypass security restrictions, caused by a flaw in the Python scripting sandbox. An attacker could exploit this vulnerability to scape the scripting sandbox and access Bash shell.",Unproven,4.2,CVE-2017-12340,Cisco Nexus 7000 Series Switches,Bypass Security,High,Local,Low,Low,Low,Low
122,pysaml2 package for Python weak security,"pysaml2 package for Python could provide weaker than expected security, caused by reusing the initialization vector across encryptions in the IDP server. A remote attacker could exploit this vulnerability to launch further attacks on the system.",Unproven,6.5,CVE-2017-1000246,Python pysaml2 package for Python 4.4.0,Gain Access,None,Network,Low,Low,Low,None
123,Ruby Recurly Client Python Library Resource.get method server-side request forgery,"Ruby Recurly Client Ruby Library is vulnerable to server-side request forgery, caused by a flaw in the Resource#find method. By using a specially-crafted argument, an attacker could exploit this vulnerability to compromise the API keys or other critical resources.",Unproven,6.5,CVE-2017-0906,Ruby Recurly Client Python Library 2.0.4,Gain Access,None,Network,Low,None,High,None
124,PyAnyAPI YAML parsing function command execution,"PyAnyAPI could allow a remote attacker to execute arbitrary commands on the system, caused by an exploitable vulnerability exists in the YAML parsing function in the YAMLParser method in Interfaces.py. By inserting Python into loaded YAML, an attacker could exploit this vulnerability to execute arbitrary commands on the system.",Unproven,9.8,CVE-2017-16616,PyAnyAPI PyAnyAPI 0.5.7,Gain Access,None,Network,Low,High,High,High
125,MLAlchemy YAML parsing function command execution,"MLAlchemy could allow a remote attacker to execute arbitrary commands on the system, caused by an exploitable vulnerability exists in the YAML parsing function in the parse_yaml_query method in parser.py. By inserting Python into loaded YAML, an attacker could exploit this vulnerability to execute arbitrary commands on the system.",Unproven,9.8,CVE-2017-16615,MLAlchemy MLAlchemy 0.2.1,Gain Access,None,Network,Low,High,High,High
126,OwlMixin YAML parsing function command execution,"OwlMixin could allow a remote attacker to execute arbitrary commands on the system, caused by an exploitable vulnerability exists in the YAML loading function in util.py. By inserting Python into loaded YAML, an attacker could exploit this vulnerability to execute arbitrary commands on the system.",Unproven,9.8,CVE-2017-16618,OwlMixin OwlMixin 2.0.0a11,Gain Access,None,Network,Low,High,High,High
127,Ladon Framework for Python XXE information disclosure,"Ladon Framework for Python allow a remote attacker to obtain sensitive information, caused by an XML external entity (XXE) error. By sending specially-crafted SOAP messages, a remote attacker could exploit this vulnerability to obtain sensitive information.",Unproven,5.3,CVE-2019-1010268,Ladon Ladon Framework for Python 0.9.40,Obtain Information,None,Network,Low,Low,None,None
128,Cisco NX-OS Software Python scripting subsystem privilege escalation,"Cisco NX-OS Software could allow a local authenticated attacker to gain elevated privileges on the system, caused by improper sanitization of user-supplied parameters passed to certain Python functions in the Python scripting subsystem. By using specially-crafted parameters, an attacker could exploit this vulnerability to escape the scripting sandbox and execute arbitrary commands with the privileges of the authenticated user.",Unproven,4.2,CVE-2017-12301,Cisco NX-OS System Software,Gain Privileges,High,Local,Low,Low,Low,Low
129,Python Objects/fileobject.c buffer overflow,"Python is vulnerable to a heap-based buffer overflow, caused by improper bounds checking by the Objects/fileobject.c. By sending an overly large amount of data, a remote attacker could overflow a buffer and possibly execute arbitrary code on the system or cause the application to crash.",Unproven,7.0,CVE-2018-1000030,Python Python 2.7,Gain Access,None,Network,High,Low,Low,High
130,Gentoo dev-python/flower package privilege escalation,"Gentoo dev-python/flower package could allow a local authenticated attacker to gain elevated privileges on the system, caused by setting a PID file ownership to a non-root account. By leveraging access to a non-root account for PID file modification, an attacker could exploit this vulnerability to kill arbitrary processes on the system.",Unproven,7.8,CVE-2017-14483,Gentoo dev-python/flower package 0.9.1,Gain Privileges,Low,Local,Low,High,High,High
131,pysaml2 python optimizations security bypass,"pysaml2 could allow a remote attacker to bypass security restrictions, caused by a flaw when python optimizations enabled. By sending a specially-crafted request, an attacker could exploit this vulnerability to bypass access restrictions to log in as any user.",Unproven,5.3,CVE-2017-1000433,PySAML2 PySAML2 4.4.0,Bypass Security,None,Network,Low,None,Low,None
132,python-fedora open redirect,"python-fedora could allow a remote attacker to conduct phishing attacks, caused by an open redirect vulnerability. An attacker could exploit this vulnerability using a specially-crafted URL to redirect a victim to arbitrary Web sites.",Unproven,7.4,CVE-2017-1002150,python-fedora python-fedora 0.8.0,Gain Access,None,Network,Low,None,High,None
133,Multiple Odoo products Database Anonymization module code exec,"Multiple Odoo products could allow a remote authenticated attacker to execute arbitrary code on the system, caused by a flaw in the Database Anonymization module. By sending a specially-crafted malicious anonymization data file, an attacker could exploit this vulnerability to execute arbitrary Python code.",Unproven,8.7,CVE-2017-10803,Odoo Odoo 9.0,Gain Access,High,Network,Low,High,High,None
134,E2OpenPlugins OpenWebif Plugin code execution,"E2OpenPlugins OpenWebif Plugin could allow a remote attacker to execute arbitrary code on the system, caused by a flaw in the saveConfig function of ""plugin/controllers/models/config.py. An attacker could exploit this vulnerability using api/saveconfig to execute arbitrary Python code or OS commands on the system.",Unproven,9.8,CVE-2017-9807,E2OpenPlugins OpenWebif 1.2.4,Gain Access,None,Network,Low,High,High,High
135,Tablib Databook code execution,"Tablib could allow a remote attacker to execute arbitrary code on the system, caused by a flaw in the Databook loading function. By inserting python into loaded yaml, an attacker could exploit this vulnerability to execute arbitrary code on the system.",Unproven,7.5,CVE-2017-2810,Tablib Tablib 0.11.4,Gain Access,None,Network,High,High,High,High
136,Mercurial Python debugger code execution,"Mercurial could allow a remote authenticated attacker to execute arbitrary code on the system, caused by improper validation of the repository name. By using ""--debugger"" as a repository name, an attacker could exploit this vulnerability to execute arbitrary code on the system.",Unproven,8.8,CVE-2017-9462,Mercurial Mercurial 4.1.2,Gain Access,Low,Network,Low,High,High,High
137,Oracle MySQL Connectors Connector/Python unspecified,"An unspecified vulnerability in Oracle MySQL related to the Connectors Connector/Python component could allow an authenticated attacker to cause no confidentiality impact, low integrity impact, and no availability impact.",Unproven,3.3,CVE-2017-3590,Oracle MySQL Connectors 2.1.5,Other,Low,Local,Low,None,Low,None
138,cloudflare-scrape code execution,"cloudflare-scrape could allow a remote attacker to execute arbitrary code on the system. By persuading a victim to visit a specially crafted Web site, an attacker could exploit this vulnerability to execute arbitrary Python code on the system.",Unproven,8.8,CVE-2017-7235,cloudflare-scrape cloudflare-scrape 1.6.6,Gain Access,None,Network,Low,High,High,High
139,Python code execution,"Python could allow a remote attacker to execute arbitrary code on the system, caused by an invalid search path flaw for python3.dll loading. By persuading a victim to open a specially-crafted file, an attacker could exploit this vulnerability to execute arbitrary code on the system.",Unproven,7.8,CVE-2020-15523,Python Python 3.7,Gain Access,None,Local,Low,High,High,High
140,Python pgAdmin4 DLL code execution,"Python could allow a remote attacker to execute arbitrary code on the system, caused by the loading of (uuid.dll) and other dynamic-linked libraries in an insecure manner. A remote attacker could exploit this vulnerability using pgAdmin4 to execute arbitrary code on the system.",Unproven,8.8,,pgAdmin pgAdmin 1.1,Gain Access,None,Network,Low,High,High,High
141,html5lib html5lib-python special characters cross-site scripting,"html5lib html5lib-python is vulnerable to cross-site scripting, caused by improper validation of user-supplied input. A remote attacker could exploit this vulnerability to inject malicious script into a Web page which would be executed in a victim's Web browser within the security context of the hosting Web site, once the page is viewed. An attacker could use this vulnerability to steal the victim's cookie-based authentication credentials.",High,6.1,BID-95132,html5lib html5lib-python 0.99999999,Cross-Site Scripting,None,Network,Low,Low,Low,None
142,html5lib html5lib-python <(less than) character cross-site scripting,"html5lib html5lib-python is vulnerable to cross-site scripting, caused by improper validation of user-supplied input. A remote attacker could exploit this vulnerability to inject malicious script into a Web page which would be executed in a victim's Web browser within the security context of the hosting Web site, once the page is viewed. An attacker could use this vulnerability to steal the victim's cookie-based authentication credentials.",High,6.1,BID-95132,html5lib html5lib-python 0.99999999,Cross-Site Scripting,None,Network,Low,Low,Low,None
143,Python oslo.middlewar package information disclosure,"Python oslo.middlewar package could allow a local authenticated attacker to obtain sensitive information, caused by including sensitive data in the CatchError class. A local attacker could exploit this vulnerability to obtain sensitive information.",Unproven,5.9,BID-95827,Python oslo.middleware,Obtain Information,Low,Local,Low,High,None,None
144,Java and Python server-side request forgery,"Java and Python are vulnerable to server-side request forgery, caused by an FTP protocol injection flaw in the built-in URL fetching library (urllib2 in Python 2 and urllib in Python 3) and Java's FTP URL handling code. By persuading a user to visit a malicious Web site, a remote attacker could send a malformed HTTP request to read arbitrary files. An attacker could exploit this vulnerability to gain access to the system.",Unproven,6.5,,Python Python,Gain Access,None,Network,Low,None,High,None
145,Java and Python man-in-the-middle,"Java and Python are vulnerable to a mna-in-the-middle attacks, caused by an FTP protocol injection flaw in the built-in URL fetching library (urllib2 in Python 2 and urllib in Python 3) and Java's FTP URL handling code. By persuading a victim to visit a specially crafted Web site, a remote authenticated attacker could exploit this vulnerability to inject an HTTP redirect to bootstrap this attack.",Unproven,6.3,,Python Python,Gain Access,Low,Network,Low,Low,High,None
146,Java and Python XXE injection,"Java and Python could allow a remote attacker to bypass security restrictions, caused by an FTP protocol injection flaw in the built-in URL fetching library (urllib2 in Python 2 and urllib in Python 3) and Java's FTP URL handling code. By persuading a victim to visit a specially crafted Web site, a remote attacker could exploit this vulnerability to inject FTP commands into the protocol stream and identify the victim's internal IP address, determine the appropriate packet alignment and launch further attacks on the system.",Unproven,7.1,,Python Python,Gain Access,None,Network,Low,Low,High,None
147,Python DecodeAdpcmImaQT buffer overflow,"Python is vulnerable to a buffer overflow, caused by a flaw in the DecodeAdpcmImaQT function in the ctypes module. By persuading a victim to open a specially-crafted file, an attacker could overflow a buffer and execute arbitrary code on the system.",Proof of Concept,5.3,,Python Python 2.x,Gain Access,None,Local,Low,Low,Low,Low
148,python-jose unspecified,An unspecified error in python-jose has an unknown impact by leveraging failure to use a constant time comparison for HMAC keys.,Unproven,5.3,CVE-2016-7036,python-jose python-jose 1.3.1,Other,None,Network,Low,None,Low,None
149,Plone CMS str.format security bypass,"Plone CMS could allow a remote attacker to bypass security restrictions, caused by a flaw in the str.format function. By leveraging the Python string format method, an attacker could exploit this vulnerability to bypass a sandbox protection mechanism and obtain sensitive information.",Unproven,3.7,BID-95679,Plone Plone 4.0,Bypass Security,None,Network,High,Low,None,None
150,Ubuntu Apport remote code execution,"Ubuntu Apport could allow a remote attacker to execute arbitrary python code on the system, caused by an error in apport/ui.py. A remote attacker could exploit this vulnerability to execute arbitrary python code on the system.",Proof of Concept,7.3,CVE-2016-9949,Ubuntu Apport 2.20.3,Gain Access,None,Network,Low,Low,Low,Low
151,Ubuntu Apport directory traversal,"Ubuntu Apport could allow a local attacker to traverse directories on the system caused by the errors in the Apport crash file Package and SourcePackage fields. A local attacker could send a specially-crafted request containing ""dot dot"" sequences (/../) to execute arbitrary Python files from the local system.",Proof of Concept,5.9,CVE-2016-9950,Ubuntu Apport 2.20.3,Gain Access,None,Local,Low,Low,Low,Low
152,Python cryptography HKDF security bypass,Python cryptography could allow a remote attacker to bypass security restrictions. HKDF returns an empty byte-string if used with a length less than algorithm.digest_size. An attacker could exploit this vulnerability to bypass security restrictions and perform unauthorized actions.,Unproven,4.8,BID-94216,Python cryptography 1.5.2,Bypass Security,None,Network,High,Low,Low,None
153,Python urllib3 library security bypass,"Python could allow a remote attacker to bypass security restrictions, caused by the improper validation of TLS certificates by the PyOpenSSL contrib module in the urllib3 library. An attacker could exploit this vulnerability to perform man-in-the-middle and information leakage attacks.",Unproven,3.7,BID-93941,Python urllib3 1.17,Bypass Security,None,Network,High,Low,None,None
154,Oracle MySQL Connector Connector/Python unspecified,"An unspecified vulnerability in Oracle MySQL Connector related to the Connector/Python component has low confidentiality impact, low integrity impact, and low availability impact.",Unproven,5.6,CVE-2016-5598,,Gain Access,None,Network,High,Low,Low,Low
155,Trend Micro Virtual Mobile Infrastructure apns_worker.py command execution,"Trend Micro Virtual Mobile Infrastructure could allow a remote authenticated attacker to execute arbitrary commands on the system, caused by an error in the apns_worker.py python script. By injecting system commands into the password field, an attacker could exploit this vulnerability to execute arbitrary commands on the system with root privileges.",Unproven,8.8,CVE-2016-6270,Trend Micro Virtual Mobile Infrastructure 5.0,Gain Access,Low,Network,Low,High,High,High
156,Python HPACK library for HTTP/2 denial of service,"Python HPACK library for HTTP/2 is vulnerable to a denial of service, caused by an error in the HTTP/2 implementation. By inserting a header field that is exactly the size of the HPACK dynamic header table into the dynamic header table, an attacker could exploit this vulnerability to cause an HPACK Bomb attack.",Unproven,7.5,BID-92315,Python HPACK 1.0.0,Denial of Service,None,Network,Low,None,None,High
157,Python Priority library for HTTP/2 denial of service,"Python Priority library for HTTP/2 is vulnerable to a denial of service, caused by allocating unbounded amounts of memory for every possible HTTP/2 stream ID. A remote attacker could exploit this vulnerability to consume all available CPU resources.",Unproven,7.5,BID-92311,Python Priority,Denial of Service,None,Network,Low,None,None,High
158,Python HTTP_PROXY environment variable HTTP traffic redirect,"Python could allow a remote attacker to redirect HTTP traffic of CGI application, caused by the failure to protect applications from the presence of untrusted client data in the HTTP_PROXY environment variable. By using a specially-crafted Proxy header in a HTTP request, an attacker could exploit this vulnerability to redirect outbound HTTP traffic to arbitrary proxy server.

This is also known as the ""HTTPOXY"" vulnerability.",Unproven,8.1,US-CERT VU#797896,Python Python,Gain Access,None,Network,High,High,High,High
159,Python HTTP_PROXY environment variable HTTP traffic redirect,"Python could allow a remote attacker to redirect HTTP traffic of CGI application, caused by the failure to protect applications from the presence of untrusted client data in the HTTP_PROXY environment variable. By using a specially-crafted Proxy header in a HTTP request, an attacker could exploit this vulnerability to redirect outbound HTTP traffic to arbitrary proxy server.

This is also known as the ""HTTPOXY"" vulnerability.",Unproven,8.1,CVE-2016-1000111,Python Python,Gain Access,None,Network,High,High,High,High
160,Python python-3.5.2.exe DLL code execution,"Python could allow a remote attacker to execute arbitrary code on the system, caused by the loading of (fwbase.dll) dynamic-linked libraries by executable installers. By placing a DLL in the users ""Downloads"" directory, a remote attacker could exploit this vulnerability to execute arbitrary code on the system.",Unproven,8.8,,Python Python 3.5.2,Gain Access,None,Network,Low,High,High,High
161,The python-docx package XXE denial of service,"The python-docx package is vulnerable to a denial of service, caused by an XML External Entity Injection (XXE) error when processing XML data. A remote attacker could exploit this vulnerability to expose sensitive information or consume all available memory resources.",Unproven,6.5,CVE-2016-5851,Python python-docx package 0.8.5,Denial of Service,None,Network,Low,Low,None,Low
162,Python's smtplib library stripping attack,Python's smtplib library is vulnerable to a stripping attack. An exception isn't returned by the Python's smtplib library if StartTLS fails to establish correctly in the SMTP.starttls() function. An attacker with man-in-the-middle ability could exploit this vulnerability to strip out the STARTTLS command without generating an exception on the python SMTP client application and prevent the establishment of the TLS layer.,Unproven,6.5,CVE-2016-0772,Python smptlib library,Gain Access,None,Network,Low,Low,Low,None
163,urllib2 and urllib for Python header injection,"urllib2 and urllib for Python are vulnerable to HTTP header injection, caused by improper validation of input. By persuading a victim to visit a specially-crafted Web page, a remote attacker could exploit this vulnerability to inject arbitrary HTTP headers, which will allow the attacker to conduct various attacks against the vulnerable system, including cross-site scripting, cache poisoning or session hijacking.",Unproven,6.5,CVE-2016-5699,Python urllib2 for Python 2,Data Manipulation,None,Network,Low,Low,Low,None
164,zipimport module for Python zipimport.c buffer overflow,"zipimport module for Python is vulnerable to a heap-based buffer overflow, caused by improper bounds checking by the get_data() function in zipimport.c. A remote attacker could overflow a buffer and execute arbitrary code on the system or cause the application to crash.",Unproven,7.3,CVE-2016-5636,Python zipimport module for Python,Gain Access,None,Network,Low,Low,Low,Low
165,Apache Qpid Proton python API information disclosure,"Apache Qpid could allow a remote attacker to obtain sensitive information, caused by the use of the Proton python API to provision an SSL/TLS encrypted TCP connection by messaging applications. An attacker could exploit this vulnerability using man-in-the-middle techniques to obtain messages being sent in clear text.",Unproven,4.3,CVE-2016-2166,Apache Qpid Proton 0.12,Obtain Information,None,Network,Low,Low,None,None
166,Python DLL code execution,"Python could allow a remote attacker to execute arbitrary code on the system, caused by the loading of dynamic-linked libraries by executable installers. By placing a DLL in the users ""Downloads"" directory, a remote attacker could exploit this vulnerability to execute arbitrary code on the system.",Unproven,8.8,,Python Python 3.5.1,Gain Access,None,Network,Low,High,High,High
167,Python (Python-RSA) verify function spoofing,"Python (Python-RSA) could allow a remote attacker to conduct spoofing attacks, an error in the verify function. By using a malformed signature, an attacker could exploit this vulnerability to spoof signatures.",Unproven,5.3,CVE-2016-1494,Python Python-RSA 3.2,Gain Access,None,Network,Low,None,Low,None
168,IBM SPSS Statistics privilege escalation,IBM SPSS Statistics uses python scripts that have write permissions to Everyone. A local user can add malicious OS commands to the python code. These command will later be executed in case another user (for example an administrator) opens SPSS and uses that module.,Unproven,7.8,CVE-2015-7489,IBM SPSS Statistics 22.0,Gain Privileges,None,Local,Low,High,High,High
169,Python xmlrpc library denial of service,"Python is vulnerable to a denial of service, caused by the failure to restrict the size of a gzip compressed HTTP responses by the xmlrpc library. By connecting to a malicious server, an attacker could exploit this vulnerability to consume an overly large amount of memory resources.",Unproven,4.3,CVE-2013-1753,Python Python 2.7,Denial of Service,None,Network,Low,None,None,Low
170,Users Ultra Plugin for WordPress xoo.userultra.user.php file upload,"Users Ultra Plugin for WordPress could allow a remote attacker to upload arbitrary files, caused by the improper validation of MIME files or file size by the xoo.userultra.user.php script.. By sending a specially-crafted HTTP POST request, a remote attacker could exploit this vulnerability to upload a malicious csv file, which could allow the attacker to execute arbitrary python code on the vulnerable system.",Proof of Concept,6.5,,WordPress Users Ultra Plugin for WordPress 1.5.50,Gain Access,None,Network,Low,Low,Low,None
171,AlienVault Unified Security Management cPickle objects code execution,"AlienVault Unified Security Management could allow a remote attacker to execute arbitrary code on the system, caused by the deserialization of cPickle objects within the av-forward Python daemon. By sending specially crafted data, an attacker could exploit this vulnerability to execute arbitrary code on the system with avforw account.",Unproven,7.3,,AlienVault Unified Security Management (USM) 5.1.0,Gain Access,None,Network,Low,Low,Low,Low
172,Python pack_string buffer overflow,"Python is vulnerable to a heap-based buffer overflow, caused by improper bounds checking by the pack_string function. By sending an overly long string argument to the Profile.addinfo method, a remote attacker could overflow a buffer and execute arbitrary code on the system or cause the application to crash.",Unproven,7.3,,Python Python 2.7,Gain Access,None,Network,Low,Low,Low,Low
173,Python array.fromstring() code execution,"Python could allow a remote attacker to execute arbitrary code on the system, caused by a  use-after-free in the array.fromstring() function. An attacker could exploit this vulnerability using the fromstring() call to execute arbitrary code on the system.",Proof of Concept,7.3,,Python Python 2.7,Gain Access,None,Network,Low,Low,Low,Low
174,Python strop.replace() integer overflow,"Python could allow a remote attacker to execute arbitrary code on the system, caused by an integer overflow in the strop.replace() function. By sending an overly long string, an attacker could exploit this vulnerability to execute arbitrary code on the system.",Proof of Concept,7.3,,Python Python 2.7,Gain Access,None,Network,Low,Low,Low,Low
175,Python product_setstate() code execution,"Python could allow a remote attacker to execute arbitrary code on the system, caused by an out-of-bounds read in the product_setstate() function. By invoking the function, an attacker could exploit this vulnerability to obtain sensitive information, execute arbitrary code on the system or cause the application to crash.",Proof of Concept,7.3,,Python Python 3.3,Gain Access,None,Network,Low,Low,Low,Low
176,Python xmlparse_setattro() code execution,"Python could allow a remote attacker to execute arbitrary code on the system, caused by a type confusion error in the xmlparse_setattro() function. By invoking the function, an attacker could exploit this vulnerability to execute arbitrary code on the system.",Proof of Concept,7.3,,Python Python 3.5,Gain Access,None,Network,Low,Low,Low,Low
177,Python time_strftime() information disclosure,"Python could allow a remote attacker to obtain sensitive information, caused by a buffer over-read error in the time_strftime() function. A remote attacker could exploit this vulnerability to view the contents of adjacent memory.",Unproven,5.3,,Python Python 3.5,Obtain Information,None,Network,Low,Low,None,None
178,Python scan_eol() information disclosure,"Python could allow a remote attacker to obtain sensitive information, caused by a buffer over-read error in the scan_eol() function. A remote attacker could exploit this vulnerability to view the contents of adjacent memory.",Unproven,5.3,,Python Python 3.5,Obtain Information,None,Network,Low,Low,None,None
179,Ubuntu Apport Python module imports privilege escalation,"Ubuntu Apport could allow a local attacker to gain elevated privileges on the system, caused by improper handling of Python module imports. By sending a specially-crafted request, an attacker could exploit this vulnerability to gain elevated privileges and run programs as an administrator.",Unproven,8.4,CVE-2015-1341,Ubuntu Apport 2.19.1,Gain Privileges,None,Local,Low,High,High,High
180,OpenStack Swift-on-File (Swiftonfile) code execution,"OpenStack Swift-on-File could allow a remote authenticated attacker to execute arbitrary code on the system, caused by the failure to properly restrict use of the pickle Python module when loading metadata. An attacker could exploit this vulnerability to execute arbitrary code on the system.",Unproven,6.3,CVE-2015-5242,OpenStack OpenStack Swift-on-File (Swiftonfile),Gain Access,Low,Network,Low,Low,Low,Low
181,Linux Kernel Python security bypass,"Linux Kernel could allow a local attacker to bypass security restrictions, caused  by the failure to prevent the running of executables. An attacker could exploit this vulnerability using the python script to run the executable file.",Proof of Concept,4.0,,Linux Kernel 3.16.0,Bypass Security,None,Local,Low,None,Low,None
182,OpenStack Ironic Inspector Flask console code execution,"OpenStack Ironic Inspector could allow a remote attacker to execute arbitrary code on the system, caused by an error when debug mode is enabled. An attacker could exploit this vulnerability to gain access to the Flask console and execute arbitrary Python code on the system.",Unproven,5.6,CVE-2015-5306,OpenStack Ironic Inspector,Gain Access,None,Network,High,Low,Low,Low
183,Juniper Junos command shell privilege escalation,"Juniper Junos could allow a local authenticated attacker to gain elevated privileges on the system, caused by python flaws in the command shell. An attacker could exploit this vulnerability to execute arbitrary python code on the system.",Unproven,7.8,CVE-2014-6448,Juniper Junos 13.2,Gain Privileges,Low,Local,Low,High,High,High
184,Python for Windows code execution,"Python for Windows could allow a remote attacker to execute arbitrary code on the system, caused by the insecure loading of the readline.pyd DLL. By persuading a victim to open a specially crafted file, an attacker could exploit this vulnerability to execute arbitrary code on the system.",Unproven,6.3,CVE-2015-5652,Python Python for Windows,Gain Access,None,Network,Low,Low,Low,Low
185,Palo Alto Networks Panorama VM Appliance code execution,"Palo Alto Networks Panorama VM Appliance could allow a remote attacker to execute arbitrary  code on the system, caused by a flaw related to the processing of new firmware. By using a specially-crafted firmware, an attacker could exploit this vulnerability to execute arbitrary Python code on the system.",Unproven,7.8,CVE-2015-6531,Palo Alto Networks PAN-OS 6.0,Gain Access,None,Local,Low,High,High,High
186,Python tlslite library denial of service,"Python is vulnerable to a denial of service, caused by a flaw in the tlslite library. By using a specially-crafted message, a remote attacker could exploit this vulnerability to cause the process to crash.",Unproven,5.3,CVE-2015-3220,Python tlslite library 0.4.8,Denial of Service,None,Network,Low,None,None,Low
187,Python IDLE denial of service,"Python IDLE is vulnerable to a denial of service. By sending an overly long string argument, a remote attacker could exploit this vulnerability to cause the application to crash.",Proof of Concept,5.3,,Python IDLE 2.7.8,Denial of Service,None,Network,Low,None,None,Low
188,Python pip mirroring support security bypass,"Python pip could allow a remote attacker to bypass security restrictions, caused by the implementation of the mirroring support without authentication checks. An attacker could exploit this vulnerability to download software over insecure links.",Unproven,5.3,CVE-2013-5123,Python pip 1.5.6,Bypass Security,None,Network,Low,None,Low,None
189,Cisco Nexus devices privilege escalation,"Cisco Nexus devices could allow a local authenticated attacker to gain elevated privileges on the system, caused by insufficient hardening of the operating system. An attacker could exploit this vulnerability to execute arbitrary Python scripts and gain root privileges on the system.",Unproven,6.8,CVE-2015-4234,Cisco MDS 9000 NX-OS 6.2 (2),Gain Privileges,,Local,Low,Complete,Complete,Complete
190,Cisco Nexus 7000 privilege escalation,"Cisco Nexus 7000 could allow a local authenticated attacker to gain elevated privileges on the system, caused by incomplete privilege separation of the Python scripting engine across multiple VDCs. An attacker could exploit this vulnerability to remove files owned by a separate VDC.",Unproven,4.6,CVE-2015-4231,Cisco Nexus 7000 6.2(8a),Gain Privileges,,Local,Low,None,Complete,None
191,IBM PowerVC KVM host privilege escalation,"An attacker local to a KVM host managed by PowerVC 1.2.2.1 or 1.2.2.2 may obtain a python prompt running as the nova service user via an unauthenticated local port. This connection may be used to glean PowerVC service user credentials. These can in turn be used to perform PowerVC operations restricted to admin users, and/or to obtain the credentials PowerVC uses to manage other hosts, storage, etc., including root credentials.",Unproven,7.2,CVE-2015-1950,IBM PowerVC Standard Edition 1.2.2,Gain Privileges,,Local,Low,Complete,Complete,Complete
192,python-kerberos checkPassword() spoofing,"python-kerberos could allow a remote attacker to conduct spoofing attacks, caused by the failure to verify KDC authenticity by the checkPassword() function. An attacker could exploit this vulnerability using man-in-the-middle techniques to spoof a KDC.",Unproven,4.3,,Python python-kerberos 1.2.2,Gain Access,,Network,Medium,None,Partial,None
193,python-tornado XSRF cookie BREACH,"python-tornado is vulnerable to BREACH attack, caused by an error in the XSRF cookie. By sending a series of specially-crafted requests, a remote attacker could exploit this vulnerability to allow a side-channel attack against TLS. This vulnerability was demonstrated at BlackHat 2013 and a corresponding tool released known as ""BREACH"".",Unproven,4.3,CVE-2014-9720,Python python-tornado 3.2,Gain Access,,Network,Medium,None,Partial,None
194,Python ssl.match_hostname() function spoofing,"Python could allow a remote attacker to conduct spoofing attacks, caused by an error when handling certificates that contain hostnames with wildcard by the ssl.match_hostname() function. An attacker could exploit this vulnerability using man-in-the-middle techniques to spoof SSL servers, which could be used to launch further attacks against the victim.",Unproven,4.3,BID-74707,Python Python 2.7.8,Gain Access,None,Network,Low,None,Low,None
195,python-dbusmock ddTemplate() D-Bus method and  DBusTestCase.spawn_server_template() method code execution,"python-dbusmock could allow a remote attacker to execute arbitrary code on the system, caused by a flaw in the AddTemplate() D-Bus method and  DBusTestCase.spawn_server_template() method. By persuading a victim to open a specially-crafted .pyc file, an attacker could exploit this vulnerability to execute arbitrary code on the system.",Unproven,7.8,CVE-2015-1326,python-dbusmock python-dbusmock 0.15,Gain Access,None,Local,Low,High,High,High
196,OpenStack keystonemiddleware and python-keystoneclient s3_token middleware man-in-the-middle,"OpenStack keystonemiddleware and python-keystoneclient is vulnerable to a man-in-the-middle attack, caused by an error in the api-paste.ini configuration file. A remote attacker could exploit this vulnerability using a specially-crafted handshake to conduct man-in-the-middle attacks to decrypt and modify traffic.",Unproven,5.8,CVE-2015-1852,OpenStack keystonemiddleware 1.5.0,Informational,,Network,Medium,Partial,Partial,None
197,Cisco Web Security Appliance status checking code execution,"Cisco Web Security Appliance could allow a local attacker to execute arbitrary code on the system, caused by the improper usage and handling of the pickle Python module by the status checking process of support remote access tunnels. An attacker could exploit this vulnerability to execute arbitrary Python code on the system.",Unproven,6.6,CVE-2015-0692,Cisco Web Security Appliance,Gain Access,,Local,Medium,Complete,Complete,Complete
198,Cisco Web Security Appliance status-checking privilege escalation,"Cisco Web Security Appliance could allow a local authenticated attacker to gain elevated privileges on the system, caused by the improper usage and handling of the pickle Python module by the status-checking process. By sending a specially-crafted pickle file, an attacker could exploit this vulnerability to execute arbitrary Python code on the system.",Unproven,6.6,CVE-2015-0693,Cisco Web Security Appliance,Gain Privileges,,Local,Medium,Complete,Complete,Complete
199,Python Restkit SSL/TLS certificates spoofing,"Python Restkit could allow a remote attacker to conduct spoofing attacks, caused by the improper validation of SSL/TLS certificates. An attacker could exploit this vulnerability to spoof TLS servers.",Unproven,2.6,CVE-2015-2674,Python Restkit,Gain Access,,Network,High,None,Partial,None
